row,split
0,test
1,val
2,test
3,test
4,test
5,test
6,test
7,train
8,test
9,train
10,train
11,train
12,train
13,train
14,train
15,train
16,train
17,train
18,train
19,train
20,train
21,train
22,train
23,train
24,train
25,train
26,train
27,train
28,train
29,train
30,train
31,train
32,train
33,train
34,train
35,train
36,train
37,train
38,train
39,train
40,train
41,train
42,train
43,train
44,train
45,train
46,train
47,train
48,train
49,test
50,test
51,test
52,test
53,train
54,train
55,train
56,val
57,val
58,val
59,val
60,val
61,val
62,val
63,val
64,val
65,val
66,val
67,val
68,val
69,val
70,val
71,val
72,val
73,val
74,val
75,val
76,val
77,val
78,val
79,val
80,val
81,val
82,val
83,val
84,val
85,val
86,val
87,val
88,val
89,val
90,val
91,val
92,val
93,val
94,val
95,val
96,val
97,val
98,val
99,val
100,val
101,val
102,val
103,val
104,val
105,val
106,val
107,val
108,val
109,val
110,val
111,val
112,val
113,val
114,val
115,val
116,val
117,val
118,val
119,val
120,val
121,val
122,val
123,val
124,val
125,val
126,val
127,val
128,val
129,val
130,val
131,val
132,val
133,val
134,val
135,val
136,val
137,val
138,val
139,val
140,val
141,val
142,val
143,val
144,val
145,val
146,val
147,val
148,val
149,val
150,val
151,val
152,val
153,val
154,val
155,val
156,val
157,val
158,val
159,val
160,val
161,val
162,val
163,val
164,val
165,val
166,val
167,val
168,val
169,val
170,val
171,val
172,val
173,val
174,val
175,val
176,val
177,val
178,val
179,val
180,val
181,val
182,val
183,val
184,val
185,val
186,val
187,val
188,val
189,val
190,val
191,val
192,val
193,val
194,val
195,val
196,val
197,val
198,val
199,val
200,val
201,val
202,val
203,val
204,val
205,val
206,val
207,val
208,val
209,val
210,val
211,val
212,val
213,val
214,val
215,val
216,val
217,val
218,val
219,val
220,val
221,val
222,val
223,val
224,val
225,val
226,val
227,val
228,val
229,val
230,val
231,val
232,val
233,val
234,val
235,val
236,val
237,val
238,val
239,val
240,val
241,val
242,val
243,val
244,val
245,val
246,val
247,val
248,val
249,val
250,val
251,val
252,val
253,val
254,val
255,val
256,val
257,val
258,val
259,val
260,val
261,val
262,val
263,val
264,val
265,val
266,val
267,val
268,val
269,val
270,val
271,val
272,val
273,val
274,val
275,val
276,val
277,val
278,val
279,val
280,val
281,val
282,val
283,val
284,val
285,val
286,val
287,val
288,val
289,val
290,val
291,val
292,val
293,val
294,val
295,val
296,val
297,val
298,val
299,val
300,val
301,val
302,val
303,val
304,val
305,val
306,val
307,val
308,val
309,val
310,val
311,val
312,val
313,val
314,val
315,val
316,val
317,val
318,val
319,val
320,val
321,val
322,val
323,val
324,val
325,val
326,val
327,val
328,val
329,val
330,val
331,val
332,val
333,val
334,val
335,val
336,val
337,val
338,val
339,val
340,val
341,val
342,val
343,val
344,val
345,val
346,val
347,val
348,val
349,val
350,val
351,val
352,val
353,val
354,val
355,val
356,val
357,val
358,val
359,val
360,val
361,val
362,val
363,val
364,val
365,val
366,val
367,val
368,val
369,val
370,val
371,val
372,val
373,val
374,val
375,val
376,val
377,val
378,val
379,val
380,val
381,train
382,train
383,train
384,train
385,train
386,train
387,train
388,train
389,train
390,train
391,train
392,train
393,train
394,train
395,train
396,train
397,train
398,train
399,train
400,train
401,train
402,train
403,train
404,train
405,train
406,train
407,train
408,train
409,train
410,train
411,train
412,train
413,train
414,train
415,train
416,train
417,train
418,train
419,train
420,train
421,train
422,train
423,train
424,train
425,train
426,train
427,train
428,train
429,train
430,train
431,train
432,train
433,train
434,train
435,train
436,train
437,train
438,train
439,train
440,train
441,train
442,train
443,train
444,train
445,train
446,train
447,train
448,train
449,train
450,train
451,train
452,train
453,train
454,train
455,train
456,train
457,train
458,train
459,train
460,train
461,train
462,train
463,train
464,train
465,train
466,train
467,train
468,train
469,train
470,train
471,train
472,train
473,train
474,test
475,test
476,test
477,test
478,test
479,test
480,test
481,test
482,test
483,test
484,test
485,test
486,test
487,test
488,test
489,test
490,test
491,test
492,test
493,test
494,test
495,test
496,test
497,test
498,test
499,test
500,test
501,test
502,test
503,test
504,test
505,test
506,test
507,test
508,val
509,val
510,test
511,test
512,test
513,test
514,test
515,test
516,test
517,test
518,test
519,test
520,test
521,test
522,test
523,test
524,test
525,test
526,test
527,test
528,test
529,test
530,test
531,test
532,test
533,test
534,train
535,train
536,train
537,train
538,train
539,train
540,train
541,train
542,train
543,train
544,train
545,train
546,train
547,train
548,train
549,train
550,train
551,train
552,train
553,train
554,train
555,train
556,train
557,train
558,train
559,train
560,train
561,train
562,train
563,train
564,train
565,train
566,train
567,train
568,train
569,train
570,train
571,train
572,train
573,train
574,train
575,train
576,train
577,train
578,train
579,train
580,train
581,train
582,train
583,train
584,train
585,train
586,train
587,train
588,train
589,train
590,train
591,train
592,train
593,train
594,train
595,train
596,train
597,train
598,train
599,train
600,train
601,train
602,train
603,train
604,train
605,train
606,train
607,train
608,train
609,train
610,train
611,train
612,train
613,train
614,train
615,train
616,train
617,train
618,train
619,train
620,train
621,train
622,train
623,train
624,train
625,train
626,train
627,train
628,train
629,train
630,train
631,train
632,train
633,train
634,train
635,train
636,train
637,train
638,train
639,train
640,train
641,train
642,train
643,train
644,train
645,train
646,train
647,train
648,train
649,train
650,train
651,train
652,train
653,train
654,train
655,train
656,train
657,train
658,train
659,train
660,train
661,train
662,train
663,train
664,train
665,train
666,train
667,train
668,train
669,train
670,train
671,train
672,train
673,train
674,train
675,train
676,train
677,train
678,train
679,train
680,train
681,train
682,train
683,train
684,train
685,train
686,train
687,train
688,train
689,train
690,train
691,train
692,train
693,train
694,train
695,train
696,train
697,train
698,train
699,train
700,train
701,train
702,train
703,train
704,train
705,train
706,train
707,train
708,train
709,train
710,train
711,train
712,train
713,train
714,train
715,train
716,train
717,train
718,train
719,train
720,train
721,train
722,train
723,train
724,train
725,train
726,train
727,train
728,train
729,train
730,train
731,train
732,train
733,train
734,train
735,train
736,train
737,train
738,train
739,train
740,train
741,train
742,train
743,train
744,train
745,train
746,train
747,train
748,train
749,train
750,train
751,train
752,train
753,train
754,train
755,train
756,train
757,train
758,train
759,train
760,train
761,train
762,train
763,train
764,train
765,train
766,train
767,train
768,train
769,train
770,train
771,train
772,train
773,train
774,train
775,train
776,train
777,train
778,train
779,train
780,train
781,train
782,train
783,train
784,train
785,train
786,train
787,train
788,train
789,train
790,train
791,train
792,train
793,train
794,train
795,train
796,train
797,train
798,train
799,train
800,train
801,train
802,train
803,train
804,train
805,train
806,train
807,train
808,train
809,train
810,train
811,train
812,train
813,train
814,train
815,train
816,train
817,train
818,train
819,train
820,train
821,train
822,train
823,train
824,train
825,train
826,train
827,train
828,train
829,train
830,train
831,train
832,train
833,train
834,train
835,train
836,train
837,train
838,train
839,train
840,train
841,train
842,train
843,train
844,train
845,train
846,train
847,train
848,train
849,train
850,train
851,train
852,train
853,train
854,train
855,train
856,train
857,train
858,train
859,train
860,train
861,train
862,train
863,train
864,train
865,train
866,train
867,train
868,train
869,train
870,train
871,train
872,train
873,train
874,train
875,train
876,train
877,train
878,train
879,train
880,train
881,train
882,train
883,train
884,train
885,train
886,train
887,train
888,train
889,train
890,train
891,train
892,train
893,train
894,train
895,train
896,train
897,train
898,train
899,train
900,train
901,train
902,train
903,train
904,train
905,train
906,train
907,train
908,train
909,train
910,train
911,train
912,train
913,train
914,train
915,train
916,train
917,train
918,train
919,train
920,train
921,train
922,train
923,train
924,train
925,train
926,train
927,train
928,train
929,train
930,train
931,train
932,train
933,train
934,train
935,train
936,train
937,train
938,train
939,train
940,train
941,train
942,train
943,train
944,train
945,train
946,train
947,train
948,train
949,train
950,train
951,train
952,train
953,train
954,train
955,train
956,train
957,train
958,train
959,train
960,train
961,train
962,train
963,train
964,train
965,train
966,train
967,train
968,train
969,train
970,train
971,train
972,train
973,train
974,train
975,train
976,train
977,train
978,train
979,train
980,train
981,train
982,train
983,train
984,train
985,train
986,train
987,train
988,train
989,train
990,train
991,train
992,train
993,train
994,train
995,train
996,train
997,train
998,train
999,train
1000,train
1001,train
1002,train
1003,train
1004,train
1005,train
1006,train
1007,train
1008,train
1009,train
1010,train
1011,train
1012,train
1013,train
1014,train
1015,train
1016,train
1017,train
1018,train
1019,train
1020,train
1021,train
1022,train
1023,train
1024,train
1025,train
1026,train
1027,train
1028,train
1029,train
1030,train
1031,train
1032,train
1033,train
1034,train
1035,train
1036,train
1037,train
1038,train
1039,train
1040,train
1041,train
1042,train
1043,train
1044,train
1045,train
1046,train
1047,train
1048,train
1049,train
1050,train
1051,train
1052,train
1053,train
1054,train
1055,train
1056,train
1057,train
1058,train
1059,train
1060,train
1061,train
1062,train
1063,train
1064,train
1065,train
1066,train
1067,train
1068,train
1069,train
1070,train
1071,train
1072,train
1073,train
1074,train
1075,train
1076,train
1077,train
1078,train
1079,train
1080,train
1081,train
1082,train
1083,train
1084,train
1085,train
1086,train
1087,train
1088,train
1089,train
1090,train
1091,train
1092,train
1093,train
1094,train
1095,train
1096,train
1097,train
1098,train
1099,train
1100,train
1101,train
1102,train
1103,train
1104,train
1105,train
1106,train
1107,train
1108,train
1109,train
1110,train
1111,train
1112,train
1113,train
1114,train
1115,train
1116,train
1117,train
1118,train
1119,train
1120,train
1121,train
1122,train
1123,train
1124,train
1125,train
1126,test
1127,test
1128,test
1129,test
1130,test
1131,test
1132,test
1133,test
1134,train
1135,train
1136,train
1137,train
1138,train
1139,train
1140,train
1141,train
1142,train
1143,train
1144,train
1145,train
1146,train
1147,train
1148,val
1149,val
1150,train
1151,train
1152,train
1153,train
1154,train
1155,train
1156,train
1157,train
1158,train
1159,train
1160,train
1161,train
1162,train
1163,train
1164,train
1165,train
1166,train
1167,train
1168,train
1169,train
1170,train
1171,train
1172,train
1173,train
1174,train
1175,train
1176,train
1177,train
1178,train
1179,train
1180,train
1181,train
1182,train
1183,train
1184,train
1185,train
1186,train
1187,train
1188,train
1189,train
1190,train
1191,train
1192,train
1193,train
1194,train
1195,train
1196,train
1197,train
1198,train
1199,train
1200,train
1201,train
1202,train
1203,train
1204,train
1205,train
1206,train
1207,train
1208,train
1209,train
1210,train
1211,train
1212,train
1213,train
1214,train
1215,train
1216,train
1217,train
1218,train
1219,train
1220,train
1221,train
1222,train
1223,train
1224,train
1225,train
1226,train
1227,train
1228,train
1229,train
1230,train
1231,train
1232,train
1233,train
1234,train
1235,train
1236,train
1237,train
1238,train
1239,train
1240,train
1241,train
1242,train
1243,train
1244,train
1245,train
1246,train
1247,train
1248,train
1249,train
1250,train
1251,train
1252,train
1253,train
1254,train
1255,train
1256,train
1257,train
1258,train
1259,train
1260,train
1261,train
1262,train
1263,train
1264,train
1265,train
1266,train
1267,train
1268,train
1269,train
1270,train
1271,train
1272,train
1273,train
1274,train
1275,train
1276,train
1277,train
1278,train
1279,train
1280,train
1281,train
1282,train
1283,train
1284,train
1285,train
1286,train
1287,train
1288,train
1289,train
1290,train
1291,train
1292,train
1293,train
1294,train
1295,train
1296,train
1297,train
1298,train
1299,train
1300,train
1301,train
1302,train
1303,train
1304,train
1305,train
1306,train
1307,train
1308,train
1309,train
1310,train
1311,train
1312,train
1313,train
1314,train
1315,train
1316,train
1317,train
1318,train
1319,train
1320,train
1321,train
1322,train
1323,train
1324,train
1325,train
1326,train
1327,train
1328,train
1329,train
1330,train
1331,train
1332,train
1333,train
1334,train
1335,train
1336,train
1337,train
1338,train
1339,train
1340,train
1341,train
1342,train
1343,train
1344,train
1345,train
1346,train
1347,train
1348,train
1349,train
1350,train
1351,train
1352,train
1353,train
1354,train
1355,train
1356,train
1357,train
1358,train
1359,train
1360,train
1361,train
1362,train
1363,train
1364,train
1365,train
1366,train
1367,train
1368,train
1369,train
1370,train
1371,train
1372,train
1373,train
1374,train
1375,train
1376,train
1377,train
1378,train
1379,train
1380,train
1381,train
1382,train
1383,train
1384,train
1385,train
1386,train
1387,train
1388,train
1389,train
1390,train
1391,train
1392,train
1393,train
1394,train
1395,train
1396,train
1397,train
1398,train
1399,train
1400,train
1401,train
1402,train
1403,train
1404,train
1405,train
1406,train
1407,train
1408,train
1409,train
1410,train
1411,train
1412,train
1413,train
1414,train
1415,train
1416,train
1417,train
1418,train
1419,train
1420,train
1421,train
1422,train
1423,train
1424,train
1425,train
1426,train
1427,train
1428,train
1429,train
1430,train
1431,train
1432,train
1433,train
1434,train
1435,train
1436,train
1437,train
1438,train
1439,train
1440,train
1441,train
1442,train
1443,train
1444,train
1445,train
1446,train
1447,train
1448,train
1449,train
1450,train
1451,train
1452,train
1453,train
1454,train
1455,train
1456,train
1457,train
1458,train
1459,train
1460,train
1461,train
1462,train
1463,train
1464,train
1465,train
1466,train
1467,train
1468,train
1469,train
1470,train
1471,train
1472,train
1473,train
1474,train
1475,train
1476,train
1477,train
1478,train
1479,train
1480,train
1481,train
1482,train
1483,train
1484,train
1485,train
1486,train
1487,train
1488,train
1489,train
1490,train
1491,train
1492,train
1493,train
1494,train
1495,train
1496,train
1497,train
1498,train
1499,train
1500,train
1501,train
1502,train
1503,train
1504,train
1505,train
1506,train
1507,train
1508,train
1509,train
1510,train
1511,train
1512,train
1513,train
1514,train
1515,train
1516,train
1517,train
1518,train
1519,train
1520,train
1521,train
1522,train
1523,train
1524,train
1525,train
1526,train
1527,train
1528,train
1529,train
1530,train
1531,train
1532,train
1533,train
1534,train
1535,train
1536,train
1537,train
1538,train
1539,train
1540,train
1541,train
1542,train
1543,train
1544,train
1545,train
1546,train
1547,train
1548,train
1549,train
1550,train
1551,train
1552,train
1553,train
1554,train
1555,train
1556,train
1557,train
1558,train
1559,train
1560,train
1561,train
1562,train
1563,train
1564,train
1565,train
1566,train
1567,train
1568,train
1569,train
1570,train
1571,train
1572,train
1573,train
1574,train
1575,train
1576,train
1577,train
1578,train
1579,train
1580,train
1581,train
1582,train
1583,train
1584,train
1585,train
1586,train
1587,train
1588,train
1589,train
1590,train
1591,train
1592,train
1593,train
1594,train
1595,train
1596,train
1597,train
1598,train
1599,train
1600,train
1601,train
1602,train
1603,train
1604,train
1605,train
1606,train
1607,train
1608,train
1609,train
1610,train
1611,train
1612,train
1613,train
1614,train
1615,train
1616,train
1617,train
1618,train
1619,train
1620,train
1621,train
1622,train
1623,train
1624,train
1625,train
1626,train
1627,train
1628,train
1629,train
1630,train
1631,train
1632,train
1633,train
1634,train
1635,train
1636,train
1637,train
1638,train
1639,train
1640,train
1641,train
1642,train
1643,train
1644,train
1645,train
1646,train
1647,train
1648,train
1649,train
1650,train
1651,train
1652,train
1653,train
1654,train
1655,train
1656,train
1657,train
1658,train
1659,train
1660,train
1661,train
1662,train
1663,train
1664,train
1665,train
1666,train
1667,train
1668,train
1669,train
1670,train
1671,train
1672,train
1673,train
1674,train
1675,train
1676,train
1677,train
1678,val
1679,val
1680,val
1681,val
1682,val
1683,val
1684,val
1685,val
1686,val
1687,val
1688,val
1689,val
1690,val
1691,val
1692,val
1693,val
1694,val
1695,val
1696,val
1697,val
1698,val
1699,val
1700,val
1701,val
1702,val
1703,val
1704,val
1705,val
1706,val
1707,val
1708,val
1709,val
1710,val
1711,val
1712,val
1713,val
1714,val
1715,val
1716,val
1717,val
1718,val
1719,val
1720,val
1721,val
1722,val
1723,val
1724,val
1725,val
1726,val
1727,val
1728,val
1729,val
1730,val
1731,val
1732,val
1733,val
1734,val
1735,val
1736,val
1737,val
1738,val
1739,val
1740,val
1741,val
1742,val
1743,val
1744,val
1745,val
1746,val
1747,val
1748,val
1749,val
1750,val
1751,val
1752,val
1753,val
1754,val
1755,val
1756,val
1757,val
1758,val
1759,val
1760,val
1761,val
1762,val
1763,val
1764,val
1765,val
1766,val
1767,val
1768,val
1769,val
1770,val
1771,val
1772,val
1773,val
1774,val
1775,val
1776,val
1777,val
1778,val
1779,val
1780,val
1781,val
1782,val
1783,val
1784,val
1785,val
1786,val
1787,val
1788,val
1789,val
1790,val
1791,val
1792,val
1793,val
1794,val
1795,val
1796,val
1797,val
1798,val
1799,val
1800,val
1801,val
1802,val
1803,val
1804,val
1805,val
1806,val
1807,val
1808,val
1809,val
1810,val
1811,val
1812,val
1813,val
1814,val
1815,val
1816,val
1817,val
1818,val
1819,val
1820,val
1821,val
1822,val
1823,val
1824,val
1825,val
1826,val
1827,val
1828,val
1829,val
1830,val
1831,val
1832,val
1833,val
1834,val
1835,val
1836,val
1837,val
1838,val
1839,val
1840,val
1841,val
1842,val
1843,val
1844,val
1845,val
1846,val
1847,val
1848,val
1849,val
1850,val
1851,val
1852,val
1853,val
1854,val
1855,val
1856,val
1857,val
1858,val
1859,val
1860,val
1861,val
1862,val
1863,val
1864,val
1865,val
1866,val
1867,val
1868,val
1869,val
1870,val
1871,val
1872,val
1873,val
1874,val
1875,val
1876,val
1877,val
1878,val
1879,val
1880,val
1881,val
1882,val
1883,val
1884,val
1885,val
1886,val
1887,val
1888,val
1889,val
1890,val
1891,val
1892,val
1893,val
1894,val
1895,val
1896,val
1897,val
1898,val
1899,val
1900,val
1901,val
1902,val
1903,val
1904,val
1905,val
1906,val
1907,val
1908,val
1909,val
1910,val
1911,val
1912,val
1913,val
1914,val
1915,val
1916,val
1917,val
1918,val
1919,val
1920,val
1921,val
1922,val
1923,val
1924,val
1925,val
1926,val
1927,val
1928,val
1929,val
1930,val
1931,val
1932,val
1933,val
1934,val
1935,val
1936,val
1937,val
1938,val
1939,val
1940,val
1941,val
1942,val
1943,val
1944,val
1945,val
1946,val
1947,val
1948,val
1949,val
1950,val
1951,val
1952,val
1953,val
1954,val
1955,val
1956,val
1957,val
1958,val
1959,val
1960,val
1961,val
1962,val
1963,val
1964,val
1965,val
1966,val
1967,val
1968,val
1969,val
1970,val
1971,val
1972,val
1973,val
1974,val
1975,val
1976,val
1977,val
1978,val
1979,val
1980,val
1981,val
1982,val
1983,val
1984,val
1985,val
1986,val
1987,val
1988,val
1989,val
1990,val
1991,val
1992,val
1993,val
1994,val
1995,val
1996,val
1997,val
1998,val
1999,val
2000,val
2001,val
2002,val
2003,val
2004,val
2005,val
2006,val
2007,val
2008,val
2009,val
2010,val
2011,val
2012,val
2013,val
2014,val
2015,val
2016,val
2017,val
2018,val
2019,val
2020,val
2021,val
2022,val
2023,val
2024,val
2025,val
2026,val
2027,val
2028,val
2029,val
2030,val
2031,val
2032,val
2033,val
2034,val
2035,val
2036,val
2037,val
2038,val
2039,val
2040,val
2041,val
2042,val
2043,val
2044,val
2045,val
2046,val
2047,val
2048,val
2049,val
2050,val
2051,val
2052,val
2053,val
2054,val
2055,val
2056,val
2057,val
2058,val
2059,val
2060,val
2061,val
2062,val
2063,val
2064,val
2065,val
2066,val
2067,val
2068,val
2069,val
2070,val
2071,val
2072,val
2073,val
2074,val
2075,val
2076,val
2077,val
2078,val
2079,val
2080,val
2081,val
2082,val
2083,val
2084,val
2085,val
2086,val
2087,val
2088,val
2089,val
2090,val
2091,val
2092,val
2093,val
2094,val
2095,val
2096,val
2097,val
2098,val
2099,val
2100,val
2101,val
2102,val
2103,val
2104,val
2105,val
2106,val
2107,val
2108,val
2109,val
2110,val
2111,val
2112,val
2113,val
2114,val
2115,val
2116,val
2117,val
2118,val
2119,val
2120,val
2121,val
2122,val
2123,val
2124,val
2125,val
2126,val
2127,val
2128,val
2129,val
2130,val
2131,val
2132,val
2133,val
2134,val
2135,val
2136,val
2137,val
2138,val
2139,val
2140,val
2141,val
2142,val
2143,val
2144,val
2145,val
2146,val
2147,val
2148,val
2149,val
2150,val
2151,val
2152,val
2153,val
2154,val
2155,val
2156,val
2157,val
2158,val
2159,val
2160,val
2161,val
2162,val
2163,val
2164,val
2165,val
2166,val
2167,val
2168,val
2169,val
2170,val
2171,val
2172,val
2173,val
2174,val
2175,val
2176,val
2177,val
2178,val
2179,val
2180,val
2181,val
2182,val
2183,val
2184,val
2185,val
2186,val
2187,val
2188,val
2189,val
2190,val
2191,val
2192,val
2193,val
2194,val
2195,val
2196,val
2197,val
2198,val
2199,val
2200,val
2201,val
2202,val
2203,val
2204,val
2205,val
2206,val
2207,val
2208,val
2209,val
2210,val
2211,val
2212,val
2213,val
2214,val
2215,val
2216,val
2217,val
2218,val
2219,val
2220,val
2221,val
2222,val
2223,val
2224,val
2225,val
2226,val
2227,val
2228,val
2229,val
2230,val
2231,val
2232,val
2233,val
2234,val
2235,val
2236,val
2237,val
2238,val
2239,val
2240,val
2241,val
2242,val
2243,val
2244,val
2245,val
2246,val
2247,val
2248,val
2249,val
2250,val
2251,val
2252,val
2253,val
2254,val
2255,val
2256,val
2257,val
2258,val
2259,val
2260,val
2261,val
2262,val
2263,val
2264,val
2265,val
2266,val
2267,val
2268,val
2269,val
2270,val
2271,val
2272,val
2273,val
2274,val
2275,val
2276,val
2277,val
2278,val
2279,val
2280,val
2281,val
2282,val
2283,val
2284,val
2285,val
2286,val
2287,val
2288,val
2289,val
2290,val
2291,val
2292,val
2293,val
2294,val
2295,val
2296,val
2297,val
2298,val
2299,val
2300,val
2301,val
2302,val
2303,val
2304,val
2305,val
2306,val
2307,val
2308,train
2309,train
2310,train
2311,train
2312,train
2313,train
2314,test
2315,test
2316,test
2317,test
2318,test
2319,test
2320,test
2321,test
2322,test
2323,test
2324,test
2325,test
2326,test
2327,test
2328,test
2329,test
2330,test
2331,test
2332,test
2333,test
2334,test
2335,test
2336,test
2337,test
2338,test
2339,test
2340,test
2341,test
2342,test
2343,test
2344,test
2345,test
2346,test
2347,test
2348,test
2349,test
2350,test
2351,test
2352,test
2353,test
2354,test
2355,test
2356,test
2357,test
2358,test
2359,test
2360,test
2361,test
2362,test
2363,test
2364,test
2365,test
2366,test
2367,test
2368,test
2369,test
2370,test
2371,test
2372,test
2373,test
2374,test
2375,test
2376,test
2377,test
2378,test
2379,test
2380,test
2381,test
2382,test
2383,test
2384,test
2385,test
2386,test
2387,test
2388,test
2389,test
2390,test
2391,test
2392,test
2393,test
2394,test
2395,test
2396,test
2397,test
2398,test
2399,test
2400,test
2401,test
2402,test
2403,test
2404,test
2405,test
2406,test
2407,test
2408,test
2409,test
2410,test
2411,test
2412,test
2413,test
2414,test
2415,test
2416,test
2417,test
2418,test
2419,test
2420,test
2421,test
2422,test
2423,test
2424,test
2425,test
2426,test
2427,test
2428,test
2429,test
2430,test
2431,test
2432,test
2433,test
2434,test
2435,test
2436,test
2437,test
2438,test
2439,test
2440,test
2441,test
2442,test
2443,test
2444,test
2445,test
2446,test
2447,test
2448,test
2449,test
2450,test
2451,test
2452,test
2453,test
2454,test
2455,test
2456,test
2457,test
2458,test
2459,test
2460,test
2461,test
2462,test
2463,test
2464,test
2465,test
2466,test
2467,test
2468,test
2469,test
2470,test
2471,test
2472,test
2473,test
2474,test
2475,test
2476,test
2477,test
2478,test
2479,test
2480,test
2481,test
2482,test
2483,test
2484,test
2485,test
2486,test
2487,test
2488,test
2489,test
2490,test
2491,test
2492,test
2493,test
2494,test
2495,test
2496,test
2497,test
2498,test
2499,test
2500,test
2501,test
2502,test
2503,test
2504,test
2505,test
2506,test
2507,test
2508,test
2509,test
2510,test
2511,test
2512,test
2513,test
2514,test
2515,test
2516,test
2517,test
2518,test
2519,test
2520,test
2521,test
2522,test
2523,test
2524,test
2525,test
2526,test
2527,test
2528,test
2529,test
2530,test
2531,test
2532,test
2533,test
2534,test
2535,test
2536,test
2537,test
2538,test
2539,test
2540,test
2541,test
2542,test
2543,test
2544,test
2545,test
2546,test
2547,test
2548,test
2549,test
2550,test
2551,test
2552,test
2553,test
2554,test
2555,test
2556,test
2557,test
2558,test
2559,test
2560,test
2561,test
2562,test
2563,test
2564,test
2565,test
2566,test
2567,test
2568,test
2569,test
2570,test
2571,test
2572,test
2573,test
2574,test
2575,test
2576,test
2577,test
2578,test
2579,test
2580,test
2581,test
2582,test
2583,test
2584,test
2585,test
2586,test
2587,test
2588,test
2589,test
2590,test
2591,test
2592,test
2593,test
2594,test
2595,test
2596,test
2597,test
2598,test
2599,test
2600,test
2601,test
2602,test
2603,test
2604,test
2605,test
2606,test
2607,test
2608,test
2609,test
2610,test
2611,test
2612,test
2613,test
2614,test
2615,test
2616,test
2617,test
2618,test
2619,test
2620,test
2621,test
2622,test
2623,test
2624,test
2625,test
2626,test
2627,test
2628,test
2629,test
2630,test
2631,test
2632,test
2633,test
2634,test
2635,test
2636,test
2637,test
2638,test
2639,test
2640,test
2641,test
2642,test
2643,test
2644,test
2645,test
2646,test
2647,test
2648,test
2649,test
2650,test
2651,test
2652,test
2653,test
2654,test
2655,test
2656,test
2657,test
2658,test
2659,test
2660,test
2661,test
2662,test
2663,test
2664,test
2665,test
2666,test
2667,test
2668,test
2669,test
2670,test
2671,test
2672,test
2673,test
2674,test
2675,test
2676,test
2677,test
2678,test
2679,test
2680,test
2681,test
2682,test
2683,test
2684,test
2685,test
2686,test
2687,test
2688,test
2689,test
2690,test
2691,test
2692,test
2693,test
2694,test
2695,test
2696,test
2697,test
2698,test
2699,test
2700,test
2701,test
2702,test
2703,test
2704,test
2705,test
2706,test
2707,test
2708,test
2709,test
2710,test
2711,test
2712,test
2713,test
2714,test
2715,test
2716,test
2717,test
2718,test
2719,test
2720,test
2721,test
2722,test
2723,test
2724,test
2725,test
2726,test
2727,test
2728,test
2729,test
2730,test
2731,test
2732,test
2733,test
2734,test
2735,test
2736,test
2737,test
2738,test
2739,test
2740,test
2741,test
2742,test
2743,test
2744,test
2745,test
2746,test
2747,test
2748,test
2749,test
2750,test
2751,test
2752,test
2753,test
2754,test
2755,test
2756,test
2757,test
2758,test
2759,test
2760,test
2761,test
2762,test
2763,test
2764,test
2765,test
2766,test
2767,test
2768,test
2769,test
2770,test
2771,test
2772,test
2773,test
2774,test
2775,test
2776,test
2777,test
2778,test
2779,test
2780,test
2781,test
2782,test
2783,test
2784,test
2785,test
2786,test
2787,test
2788,test
2789,test
2790,test
2791,test
2792,test
2793,test
2794,test
2795,test
2796,test
2797,test
2798,test
2799,test
2800,test
2801,test
2802,test
2803,test
2804,test
2805,test
2806,test
2807,test
2808,test
2809,test
2810,test
2811,test
2812,test
2813,test
2814,test
2815,test
2816,test
2817,test
2818,test
2819,test
2820,test
2821,test
2822,test
2823,test
2824,test
2825,test
2826,test
2827,test
2828,test
2829,test
2830,test
2831,test
2832,test
2833,test
2834,test
2835,test
2836,test
2837,test
2838,test
2839,test
2840,test
2841,test
2842,test
2843,test
2844,test
2845,test
2846,test
2847,test
2848,test
2849,test
2850,test
2851,test
2852,test
2853,test
2854,test
2855,test
2856,test
2857,test
2858,test
2859,test
2860,test
2861,test
2862,test
2863,test
2864,test
2865,test
2866,test
2867,test
2868,test
2869,test
2870,test
2871,test
2872,test
2873,test
2874,test
2875,test
2876,test
2877,test
2878,test
2879,test
2880,test
2881,test
2882,test
2883,test
2884,test
2885,test
2886,test
2887,test
2888,test
2889,test
2890,test
2891,test
2892,test
2893,test
2894,test
2895,test
2896,test
2897,test
2898,test
2899,test
2900,test
2901,test
2902,test
2903,test
2904,test
2905,test
2906,test
2907,test
2908,test
2909,test
2910,test
2911,test
2912,test
2913,test
2914,test
2915,test
2916,test
2917,test
2918,test
2919,test
2920,test
2921,test
2922,test
2923,test
2924,test
2925,test
2926,test
2927,train
2928,train
2929,train
2930,train
2931,train
2932,train
2933,train
2934,train
2935,train
2936,train
2937,train
2938,train
2939,train
2940,train
2941,train
2942,train
2943,train
2944,train
2945,train
2946,train
2947,train
2948,train
2949,train
2950,train
2951,train
2952,train
2953,train
2954,train
2955,train
2956,train
2957,train
2958,train
2959,train
2960,train
2961,train
2962,train
2963,train
2964,train
2965,train
2966,train
2967,train
2968,train
2969,train
2970,train
2971,train
2972,train
2973,train
2974,train
2975,train
2976,train
2977,train
2978,train
2979,train
2980,train
2981,train
2982,train
2983,train
2984,train
2985,train
2986,train
2987,train
2988,train
2989,train
2990,train
2991,train
2992,train
2993,train
2994,train
2995,train
2996,train
2997,train
2998,train
2999,train
3000,train
3001,train
3002,train
3003,train
3004,train
3005,train
3006,train
3007,train
3008,train
3009,train
3010,train
3011,train
3012,train
3013,train
3014,train
3015,train
3016,train
3017,train
3018,train
3019,train
3020,train
3021,train
3022,train
3023,train
3024,train
3025,train
3026,train
3027,train
3028,train
3029,train
3030,train
3031,train
3032,train
3033,train
3034,train
3035,train
3036,train
3037,train
3038,train
3039,train
3040,train
3041,train
3042,train
3043,train
3044,train
3045,train
3046,train
3047,train
3048,train
3049,train
3050,train
3051,train
3052,train
3053,train
3054,train
3055,train
3056,train
3057,train
3058,train
3059,train
3060,train
3061,train
3062,train
3063,train
3064,train
3065,train
3066,train
3067,train
3068,train
3069,train
3070,train
3071,train
3072,train
3073,train
3074,train
3075,train
3076,train
3077,train
3078,val
3079,val
3080,val
3081,val
3082,val
3083,val
3084,val
3085,val
3086,val
3087,val
3088,val
3089,val
3090,val
3091,val
3092,val
3093,val
3094,val
3095,val
3096,val
3097,val
3098,val
3099,val
3100,val
3101,val
3102,val
3103,val
3104,val
3105,val
3106,val
3107,val
3108,val
3109,val
3110,val
3111,val
3112,val
3113,val
3114,val
3115,val
3116,val
3117,val
3118,val
3119,val
3120,val
3121,val
3122,val
3123,val
3124,val
3125,val
3126,val
3127,val
3128,val
3129,val
3130,val
3131,val
3132,val
3133,val
3134,val
3135,val
3136,val
3137,val
3138,val
3139,val
3140,val
3141,val
3142,val
3143,val
3144,val
3145,train
3146,train
3147,test
3148,test
3149,test
3150,test
3151,test
3152,test
3153,test
3154,test
3155,test
3156,test
3157,test
3158,test
3159,test
3160,test
3161,test
3162,test
3163,test
3164,test
3165,train
3166,train
3167,train
3168,train
3169,train
3170,train
3171,train
3172,train
3173,train
3174,train
3175,train
3176,train
3177,train
3178,train
3179,train
3180,train
3181,train
3182,train
3183,train
3184,train
3185,train
3186,train
3187,train
3188,train
3189,train
3190,train
3191,train
3192,train
3193,train
3194,train
3195,train
3196,train
3197,train
3198,train
3199,train
3200,train
3201,train
3202,train
3203,train
3204,train
3205,train
3206,train
3207,train
3208,train
3209,train
3210,train
3211,train
3212,train
3213,train
3214,train
3215,train
3216,train
3217,train
3218,train
3219,train
3220,train
3221,train
3222,train
3223,train
3224,train
3225,train
3226,train
3227,train
3228,train
3229,train
3230,train
3231,train
3232,train
3233,train
3234,train
3235,train
3236,train
3237,train
3238,train
3239,train
3240,train
3241,train
3242,train
3243,train
3244,train
3245,train
3246,train
3247,train
3248,train
3249,train
3250,train
3251,train
3252,train
3253,train
3254,train
3255,train
3256,train
3257,train
3258,train
3259,train
3260,train
3261,train
3262,train
3263,train
3264,train
3265,train
3266,train
3267,train
3268,train
3269,train
3270,train
3271,train
3272,train
3273,train
3274,train
3275,train
3276,train
3277,train
3278,train
3279,train
3280,train
3281,train
3282,train
3283,train
3284,train
3285,train
3286,val
3287,val
3288,val
3289,val
3290,val
3291,val
3292,val
3293,train
3294,train
3295,train
3296,train
3297,train
3298,train
3299,train
3300,train
3301,train
3302,train
3303,train
3304,train
3305,train
3306,train
3307,train
3308,train
3309,train
3310,train
3311,train
3312,train
3313,train
3314,train
3315,train
3316,train
3317,train
3318,train
3319,train
3320,train
3321,train
3322,train
3323,train
3324,train
3325,train
3326,train
3327,train
3328,train
3329,train
3330,train
3331,train
3332,train
3333,train
3334,train
3335,train
3336,train
3337,train
3338,train
3339,train
3340,train
3341,train
3342,train
3343,train
3344,train
3345,train
3346,train
3347,train
3348,train
3349,train
3350,train
3351,train
3352,train
3353,train
3354,train
3355,train
3356,train
3357,train
3358,train
3359,train
3360,train
3361,train
3362,train
3363,train
3364,train
3365,train
3366,train
3367,train
3368,train
3369,train
3370,train
3371,train
3372,train
3373,train
3374,train
3375,train
3376,train
3377,train
3378,train
3379,train
3380,train
3381,train
3382,train
3383,train
3384,train
3385,train
3386,train
3387,train
3388,train
3389,train
3390,train
3391,train
3392,train
3393,train
3394,train
3395,train
3396,train
3397,train
3398,train
3399,train
3400,train
3401,train
3402,train
3403,train
3404,train
3405,train
3406,train
3407,train
3408,train
3409,train
3410,train
3411,train
3412,train
3413,train
3414,train
3415,train
3416,train
3417,train
3418,train
3419,train
3420,train
3421,train
3422,train
3423,train
3424,train
3425,train
3426,train
3427,train
3428,train
3429,train
3430,train
3431,train
3432,train
3433,train
3434,train
3435,train
3436,train
3437,train
3438,train
3439,train
3440,train
3441,train
3442,train
3443,train
3444,train
3445,train
3446,train
3447,train
3448,train
3449,train
3450,train
3451,train
3452,train
3453,train
3454,train
3455,train
3456,train
3457,train
3458,train
3459,train
3460,train
3461,train
3462,train
3463,train
3464,train
3465,train
3466,train
3467,train
3468,train
3469,train
3470,train
3471,train
3472,train
3473,train
3474,train
3475,train
3476,train
3477,train
3478,train
3479,train
3480,train
3481,train
3482,train
3483,train
3484,train
3485,train
3486,train
3487,train
3488,train
3489,train
3490,train
3491,train
3492,train
3493,train
3494,train
3495,train
3496,train
3497,train
3498,train
3499,train
3500,train
3501,train
3502,train
3503,train
3504,train
3505,train
3506,train
3507,train
3508,train
3509,train
3510,train
3511,train
3512,train
3513,train
3514,train
3515,train
3516,train
3517,train
3518,train
3519,train
3520,train
3521,train
3522,train
3523,train
3524,train
3525,train
3526,train
3527,train
3528,train
3529,train
3530,train
3531,train
3532,train
3533,train
3534,train
3535,train
3536,train
3537,train
3538,train
3539,train
3540,train
3541,train
3542,train
3543,train
3544,train
3545,train
3546,train
3547,train
3548,train
3549,train
3550,train
3551,train
3552,train
3553,train
3554,train
3555,train
3556,train
3557,train
3558,train
3559,train
3560,train
3561,train
3562,train
3563,train
3564,train
3565,train
3566,train
3567,train
3568,train
3569,train
3570,train
3571,train
3572,train
3573,train
3574,train
3575,train
3576,train
3577,train
3578,train
3579,train
3580,train
3581,train
3582,train
3583,train
3584,train
3585,train
3586,train
3587,train
3588,train
3589,train
3590,train
3591,train
3592,train
3593,train
3594,train
3595,train
3596,train
3597,train
3598,train
3599,train
3600,train
3601,train
3602,train
3603,train
3604,train
3605,train
3606,train
3607,train
3608,train
3609,train
3610,train
3611,train
3612,train
3613,train
3614,train
3615,train
3616,train
3617,train
3618,train
3619,train
3620,train
3621,train
3622,train
3623,train
3624,train
3625,train
3626,train
3627,train
3628,train
3629,train
3630,train
3631,train
3632,train
3633,train
3634,train
3635,train
3636,train
3637,train
3638,train
3639,train
3640,train
3641,train
3642,train
3643,train
3644,train
3645,train
3646,train
3647,train
3648,train
3649,train
3650,train
3651,train
3652,train
3653,train
3654,train
3655,train
3656,train
3657,train
3658,train
3659,train
3660,train
3661,train
3662,train
3663,train
3664,train
3665,train
3666,train
3667,train
3668,train
3669,train
3670,train
3671,train
3672,train
3673,train
3674,train
3675,train
3676,train
3677,train
3678,train
3679,train
3680,train
3681,train
3682,train
3683,train
3684,train
3685,train
3686,train
3687,train
3688,train
3689,train
3690,train
3691,train
3692,train
3693,train
3694,train
3695,train
3696,train
3697,train
3698,train
3699,train
3700,train
3701,train
3702,train
3703,train
3704,train
3705,train
3706,train
3707,train
3708,train
3709,train
3710,train
3711,train
3712,train
3713,train
3714,train
3715,train
3716,train
3717,train
3718,train
3719,train
3720,train
3721,train
3722,train
3723,train
3724,train
3725,train
3726,train
3727,train
3728,train
3729,train
3730,train
3731,train
3732,train
3733,train
3734,train
3735,train
3736,train
3737,train
3738,train
3739,train
3740,train
3741,train
3742,train
3743,train
3744,train
3745,train
3746,train
3747,train
3748,train
3749,train
3750,train
3751,train
3752,train
3753,train
3754,train
3755,train
3756,train
3757,train
3758,train
3759,train
3760,train
3761,train
3762,train
3763,train
3764,train
3765,train
3766,train
3767,train
3768,train
3769,train
3770,train
3771,train
3772,train
3773,train
3774,test
3775,test
3776,train
3777,val
3778,val
3779,val
3780,val
3781,val
3782,val
3783,val
3784,val
3785,val
3786,val
3787,val
3788,val
3789,val
3790,val
3791,val
3792,val
3793,val
3794,val
3795,val
3796,val
3797,val
3798,val
3799,val
3800,val
3801,val
3802,val
3803,val
3804,val
3805,val
3806,val
3807,val
3808,val
3809,val
3810,val
3811,val
3812,val
3813,val
3814,val
3815,val
3816,val
3817,val
3818,val
3819,val
3820,val
3821,val
3822,val
3823,val
3824,val
3825,val
3826,val
3827,val
3828,val
3829,val
3830,val
3831,val
3832,val
3833,val
3834,train
3835,train
3836,train
3837,train
3838,train
3839,train
3840,train
3841,train
3842,train
3843,train
3844,train
3845,train
3846,train
3847,train
3848,train
3849,train
3850,train
3851,train
3852,train
3853,train
3854,train
3855,train
3856,train
3857,train
3858,train
3859,train
3860,train
3861,train
3862,train
3863,train
3864,train
3865,train
3866,train
3867,train
3868,train
3869,train
3870,train
3871,train
3872,train
3873,train
3874,train
3875,train
3876,train
3877,train
3878,train
3879,train
3880,train
3881,train
3882,train
3883,train
3884,train
3885,train
3886,train
3887,train
3888,train
3889,train
3890,train
3891,train
3892,train
3893,train
3894,train
3895,train
3896,train
3897,train
3898,train
3899,train
3900,train
3901,train
3902,train
3903,train
3904,train
3905,train
3906,train
3907,train
3908,train
3909,train
3910,train
3911,train
3912,train
3913,train
3914,train
3915,train
3916,train
3917,train
3918,train
3919,train
3920,train
3921,train
3922,train
3923,train
3924,train
3925,train
3926,train
3927,train
3928,train
3929,train
3930,train
3931,train
3932,train
3933,train
3934,train
3935,train
3936,train
3937,train
3938,train
3939,train
3940,train
3941,train
3942,train
3943,train
3944,train
3945,train
3946,train
3947,train
3948,train
3949,train
3950,train
3951,train
3952,train
3953,train
3954,train
3955,train
3956,train
3957,train
3958,train
3959,train
3960,train
3961,train
3962,train
3963,train
3964,train
3965,train
3966,train
3967,train
3968,train
3969,train
3970,train
3971,train
3972,train
3973,train
3974,train
3975,train
3976,train
3977,train
3978,train
3979,train
3980,train
3981,train
3982,train
3983,train
3984,train
3985,train
3986,train
3987,train
3988,train
3989,train
3990,train
3991,train
3992,train
3993,train
3994,train
3995,train
3996,train
3997,train
3998,train
3999,train
4000,train
4001,train
4002,train
4003,train
4004,train
4005,train
4006,train
4007,train
4008,train
4009,train
4010,train
4011,train
4012,train
4013,train
4014,train
4015,train
4016,train
4017,train
4018,train
4019,train
4020,train
4021,train
4022,train
4023,train
4024,train
4025,train
4026,train
4027,train
4028,train
4029,train
4030,train
4031,train
4032,train
4033,train
4034,train
4035,train
4036,train
4037,train
4038,train
4039,train
4040,train
4041,train
4042,train
4043,train
4044,train
4045,train
4046,train
4047,train
4048,train
4049,train
4050,train
4051,train
4052,train
4053,train
4054,train
4055,train
4056,train
4057,train
4058,train
4059,train
4060,train
4061,train
4062,train
4063,train
4064,train
4065,train
4066,train
4067,train
4068,train
4069,train
4070,train
4071,train
4072,train
4073,train
4074,train
4075,train
4076,train
4077,train
4078,train
4079,train
4080,train
4081,train
4082,train
4083,train
4084,train
4085,train
4086,train
4087,train
4088,train
4089,train
4090,train
4091,train
4092,train
4093,train
4094,train
4095,train
4096,train
4097,train
4098,train
4099,train
4100,train
4101,train
4102,train
4103,train
4104,train
4105,train
4106,train
4107,train
4108,train
4109,train
4110,train
4111,train
4112,train
4113,train
4114,train
4115,train
4116,train
4117,train
4118,train
4119,train
4120,train
4121,train
4122,train
4123,train
4124,train
4125,train
4126,train
4127,train
4128,train
4129,train
4130,train
4131,train
4132,train
4133,train
4134,train
4135,train
4136,train
4137,train
4138,train
4139,train
4140,train
4141,train
4142,train
4143,train
4144,train
4145,train
4146,train
4147,train
4148,train
4149,train
4150,train
4151,train
4152,train
4153,train
4154,train
4155,train
4156,train
4157,train
4158,train
4159,train
4160,train
4161,train
4162,train
4163,train
4164,train
4165,train
4166,train
4167,train
4168,train
4169,train
4170,train
4171,train
4172,train
4173,train
4174,train
4175,train
4176,train
4177,train
4178,train
4179,train
4180,train
4181,train
4182,train
4183,train
4184,train
4185,train
4186,train
4187,train
4188,train
4189,train
4190,train
4191,train
4192,train
4193,train
4194,train
4195,train
4196,train
4197,train
4198,train
4199,train
4200,train
4201,train
4202,train
4203,train
4204,train
4205,train
4206,train
4207,train
4208,train
4209,train
4210,train
4211,train
4212,train
4213,train
4214,train
4215,train
4216,train
4217,train
4218,train
4219,train
4220,train
4221,train
4222,train
4223,train
4224,train
4225,train
4226,train
4227,train
4228,train
4229,train
4230,train
4231,train
4232,train
4233,train
4234,train
4235,train
4236,train
4237,train
4238,train
4239,train
4240,train
4241,train
4242,train
4243,train
4244,train
4245,train
4246,train
4247,train
4248,train
4249,train
4250,train
4251,train
4252,train
4253,train
4254,train
4255,train
4256,train
4257,train
4258,train
4259,train
4260,train
4261,train
4262,train
4263,train
4264,train
4265,train
4266,train
4267,train
4268,train
4269,train
4270,train
4271,train
4272,train
4273,train
4274,train
4275,train
4276,train
4277,train
4278,train
4279,train
4280,train
4281,train
4282,train
4283,train
4284,train
4285,train
4286,train
4287,train
4288,train
4289,train
4290,train
4291,train
4292,train
4293,train
4294,train
4295,train
4296,train
4297,train
4298,train
4299,train
4300,train
4301,train
4302,train
4303,train
4304,train
4305,train
4306,train
4307,train
4308,train
4309,train
4310,train
4311,train
4312,train
4313,train
4314,train
4315,train
4316,train
4317,train
4318,train
4319,train
4320,train
4321,train
4322,train
4323,train
4324,train
4325,train
4326,train
4327,train
4328,train
4329,train
4330,train
4331,train
4332,train
4333,train
4334,train
4335,train
4336,train
4337,train
4338,train
4339,train
4340,train
4341,val
4342,val
4343,val
4344,val
4345,val
4346,val
4347,val
4348,val
4349,val
4350,val
4351,val
4352,val
4353,val
4354,val
4355,val
4356,val
4357,val
4358,val
4359,val
4360,val
4361,val
4362,val
4363,val
4364,val
4365,val
4366,val
4367,val
4368,val
4369,val
4370,val
4371,val
4372,val
4373,val
4374,val
4375,val
4376,val
4377,val
4378,val
4379,val
4380,val
4381,val
4382,val
4383,val
4384,val
4385,val
4386,val
4387,val
4388,val
4389,val
4390,val
4391,val
4392,val
4393,val
4394,val
4395,val
4396,val
4397,val
4398,val
4399,val
4400,val
4401,val
4402,val
4403,val
4404,val
4405,val
4406,val
4407,val
4408,val
4409,val
4410,val
4411,val
4412,val
4413,val
4414,val
4415,val
4416,val
4417,val
4418,val
4419,val
4420,val
4421,val
4422,val
4423,val
4424,val
4425,val
4426,val
4427,val
4428,val
4429,val
4430,val
4431,val
4432,val
4433,val
4434,val
4435,val
4436,val
4437,val
4438,val
4439,val
4440,val
4441,val
4442,val
4443,val
4444,val
4445,val
4446,val
4447,val
4448,val
4449,val
4450,val
4451,val
4452,val
4453,val
4454,val
4455,val
4456,val
4457,val
4458,val
4459,val
4460,val
4461,val
4462,val
4463,val
4464,val
4465,val
4466,val
4467,val
4468,val
4469,val
4470,val
4471,val
4472,val
4473,val
4474,val
4475,val
4476,val
4477,val
4478,val
4479,val
4480,val
4481,val
4482,val
4483,val
4484,val
4485,val
4486,val
4487,val
4488,val
4489,val
4490,val
4491,val
4492,val
4493,val
4494,val
4495,val
4496,val
4497,val
4498,val
4499,val
4500,train
4501,train
4502,train
4503,train
4504,train
4505,train
4506,train
4507,train
4508,train
4509,train
4510,train
4511,train
4512,train
4513,train
4514,train
4515,train
4516,train
4517,train
4518,train
4519,train
4520,train
4521,train
4522,train
4523,train
4524,train
4525,train
4526,train
4527,train
4528,train
4529,train
4530,train
4531,train
4532,train
4533,train
4534,train
4535,train
4536,train
4537,train
4538,train
4539,train
4540,train
4541,train
4542,train
4543,train
4544,train
4545,train
4546,train
4547,train
4548,train
4549,train
4550,train
4551,train
4552,train
4553,train
4554,train
4555,train
4556,train
4557,train
4558,train
4559,train
4560,train
4561,train
4562,train
4563,train
4564,train
4565,train
4566,train
4567,train
4568,train
4569,train
4570,train
4571,train
4572,train
4573,train
4574,train
4575,train
4576,train
4577,train
4578,train
4579,train
4580,train
4581,train
4582,train
4583,train
4584,train
4585,train
4586,train
4587,train
4588,train
4589,train
4590,train
4591,train
4592,train
4593,train
4594,train
4595,train
4596,train
4597,train
4598,train
4599,train
4600,train
4601,train
4602,train
4603,train
4604,train
4605,train
4606,train
4607,train
4608,train
4609,train
4610,train
4611,train
4612,train
4613,train
4614,train
4615,train
4616,train
4617,train
4618,train
4619,train
4620,train
4621,train
4622,train
4623,train
4624,train
4625,train
4626,train
4627,train
4628,train
4629,train
4630,train
4631,train
4632,train
4633,train
4634,train
4635,train
4636,train
4637,train
4638,train
4639,train
4640,train
4641,train
4642,train
4643,train
4644,train
4645,train
4646,train
4647,train
4648,train
4649,train
4650,train
4651,train
4652,train
4653,train
4654,train
4655,train
4656,train
4657,train
4658,train
4659,train
4660,train
4661,train
4662,train
4663,train
4664,train
4665,train
4666,train
4667,train
4668,train
4669,train
4670,train
4671,train
4672,train
4673,train
4674,train
4675,train
4676,train
4677,train
4678,train
4679,train
4680,train
4681,train
4682,train
4683,train
4684,train
4685,train
4686,train
4687,train
4688,train
4689,train
4690,train
4691,train
4692,train
4693,train
4694,train
4695,train
4696,train
4697,train
4698,train
4699,train
4700,train
4701,train
4702,train
4703,train
4704,train
4705,train
4706,train
4707,train
4708,train
4709,train
4710,train
4711,train
4712,train
4713,train
4714,train
4715,train
4716,train
4717,train
4718,train
4719,train
4720,train
4721,train
4722,train
4723,train
4724,train
4725,train
4726,train
4727,train
4728,train
4729,train
4730,train
4731,train
4732,train
4733,train
4734,train
4735,train
4736,train
4737,train
4738,train
4739,train
4740,train
4741,train
4742,train
4743,train
4744,train
4745,train
4746,train
4747,train
4748,train
4749,train
4750,train
4751,train
4752,train
4753,train
4754,train
4755,train
4756,train
4757,train
4758,train
4759,train
4760,train
4761,train
4762,train
4763,train
4764,train
4765,train
4766,train
4767,train
4768,train
4769,train
4770,train
4771,train
4772,train
4773,train
4774,train
4775,train
4776,train
4777,train
4778,train
4779,train
4780,train
4781,train
4782,train
4783,train
4784,train
4785,train
4786,train
4787,train
4788,train
4789,train
4790,train
4791,train
4792,train
4793,train
4794,train
4795,train
4796,train
4797,train
4798,train
4799,train
4800,train
4801,train
4802,train
4803,train
4804,train
4805,train
4806,train
4807,train
4808,train
4809,train
4810,train
4811,train
4812,train
4813,train
4814,train
4815,train
4816,train
4817,train
4818,train
4819,train
4820,train
4821,train
4822,train
4823,train
4824,train
4825,train
4826,train
4827,train
4828,train
4829,train
4830,train
4831,train
4832,train
4833,train
4834,train
4835,train
4836,train
4837,train
4838,train
4839,train
4840,train
4841,train
4842,train
4843,train
4844,train
4845,train
4846,train
4847,train
4848,train
4849,train
4850,train
4851,train
4852,train
4853,train
4854,train
4855,train
4856,train
4857,train
4858,train
4859,train
4860,train
4861,train
4862,train
4863,train
4864,train
4865,train
4866,train
4867,train
4868,train
4869,train
4870,train
4871,train
4872,train
4873,train
4874,train
4875,train
4876,train
4877,train
4878,train
4879,train
4880,train
4881,train
4882,train
4883,train
4884,train
4885,train
4886,train
4887,train
4888,train
4889,train
4890,train
4891,train
4892,train
4893,train
4894,train
4895,train
4896,train
4897,train
4898,train
4899,train
4900,train
4901,train
4902,train
4903,train
4904,train
4905,train
4906,train
4907,train
4908,train
4909,train
4910,train
4911,train
4912,train
4913,train
4914,train
4915,train
4916,train
4917,train
4918,train
4919,train
4920,train
4921,train
4922,train
4923,train
4924,train
4925,train
4926,train
4927,train
4928,train
4929,train
4930,train
4931,train
4932,train
4933,train
4934,train
4935,train
4936,train
4937,train
4938,train
4939,train
4940,train
4941,train
4942,train
4943,train
4944,train
4945,train
4946,train
4947,train
4948,train
4949,train
4950,train
4951,train
4952,train
4953,train
4954,train
4955,train
4956,train
4957,train
4958,train
4959,train
4960,train
4961,train
4962,train
4963,train
4964,train
4965,train
4966,train
4967,train
4968,train
4969,train
4970,train
4971,train
4972,train
4973,train
4974,train
4975,train
4976,train
4977,train
4978,train
4979,train
4980,train
4981,train
4982,train
4983,train
4984,train
4985,train
4986,train
4987,train
4988,train
4989,train
4990,train
4991,train
4992,train
4993,train
4994,train
4995,train
4996,train
4997,train
4998,train
4999,train
5000,train
5001,train
5002,train
5003,train
5004,train
5005,train
5006,train
5007,train
5008,train
5009,train
5010,train
5011,train
5012,train
5013,train
5014,train
5015,train
5016,train
5017,train
5018,train
5019,train
5020,train
5021,train
5022,train
5023,train
5024,train
5025,train
5026,train
5027,train
5028,train
5029,train
5030,train
5031,train
5032,train
5033,train
5034,train
5035,train
5036,train
5037,train
5038,train
5039,train
5040,train
5041,train
5042,train
5043,train
5044,train
5045,train
5046,train
5047,train
5048,train
5049,train
5050,train
5051,train
5052,train
5053,train
5054,train
5055,train
5056,train
5057,train
5058,train
5059,train
5060,train
5061,train
5062,train
5063,train
5064,train
5065,train
5066,train
5067,train
5068,train
5069,train
5070,train
5071,train
5072,train
5073,train
5074,train
5075,train
5076,train
5077,train
5078,train
5079,train
5080,train
5081,train
5082,train
5083,train
5084,train
5085,train
5086,train
5087,train
5088,train
5089,train
5090,train
5091,train
5092,train
5093,train
5094,train
5095,train
5096,train
5097,train
5098,train
5099,train
5100,train
5101,train
5102,train
5103,train
5104,train
5105,train
5106,train
5107,train
5108,train
5109,train
5110,train
5111,train
5112,train
5113,train
5114,train
5115,train
5116,train
5117,train
5118,train
5119,train
5120,train
5121,train
5122,train
5123,train
5124,train
5125,train
5126,train
5127,train
5128,train
5129,train
5130,train
5131,train
5132,train
5133,train
5134,train
5135,train
5136,train
5137,train
5138,train
5139,train
5140,train
5141,train
5142,train
5143,train
5144,train
5145,train
5146,train
5147,train
5148,train
5149,train
5150,train
5151,train
5152,train
5153,train
5154,train
5155,train
5156,train
5157,train
5158,train
5159,train
5160,train
5161,train
5162,train
5163,train
5164,train
5165,train
5166,train
5167,train
5168,train
5169,train
5170,train
5171,train
5172,train
5173,train
5174,train
5175,train
5176,train
5177,train
5178,train
5179,train
5180,train
5181,train
5182,train
5183,train
5184,train
5185,train
5186,train
5187,train
5188,train
5189,train
5190,train
5191,train
5192,train
5193,train
5194,train
5195,train
5196,train
5197,train
5198,train
5199,train
5200,train
5201,train
5202,train
5203,train
5204,train
5205,train
5206,train
5207,train
5208,train
5209,train
5210,train
5211,train
5212,train
5213,train
5214,train
5215,train
5216,train
5217,train
5218,train
5219,train
5220,train
5221,train
5222,train
5223,train
5224,train
5225,train
5226,train
5227,train
5228,train
5229,train
5230,train
5231,train
5232,train
5233,train
5234,train
5235,train
5236,train
5237,train
5238,train
5239,train
5240,train
5241,train
5242,train
5243,train
5244,train
5245,train
5246,train
5247,train
5248,train
5249,train
5250,train
5251,train
5252,train
5253,train
5254,train
5255,train
5256,train
5257,train
5258,train
5259,train
5260,train
5261,train
5262,train
5263,train
5264,train
5265,train
5266,train
5267,train
5268,train
5269,train
5270,train
5271,train
5272,train
5273,train
5274,train
5275,train
5276,train
5277,train
5278,train
5279,train
5280,train
5281,train
5282,train
5283,train
5284,train
5285,train
5286,train
5287,train
5288,train
5289,train
5290,train
5291,train
5292,train
5293,train
5294,train
5295,train
5296,train
5297,train
5298,train
5299,train
5300,train
5301,train
5302,train
5303,train
5304,train
5305,train
5306,train
5307,train
5308,train
5309,train
5310,train
5311,train
5312,train
5313,train
5314,train
5315,train
5316,train
5317,train
5318,train
5319,train
5320,train
5321,train
5322,train
5323,train
5324,train
5325,train
5326,train
5327,train
5328,train
5329,train
5330,train
5331,train
5332,train
5333,train
5334,train
5335,train
5336,train
5337,train
5338,train
5339,train
5340,train
5341,train
5342,train
5343,train
5344,train
5345,train
5346,train
5347,train
5348,train
5349,train
5350,train
5351,train
5352,train
5353,train
5354,train
5355,train
5356,train
5357,train
5358,train
5359,train
5360,train
5361,train
5362,train
5363,train
5364,train
5365,train
5366,train
5367,train
5368,train
5369,train
5370,train
5371,train
5372,train
5373,train
5374,train
5375,train
5376,train
5377,train
5378,train
5379,train
5380,train
5381,train
5382,train
5383,train
5384,train
5385,train
5386,train
5387,train
5388,train
5389,train
5390,train
5391,train
5392,train
5393,train
5394,train
5395,train
5396,train
5397,train
5398,train
5399,train
5400,train
5401,train
5402,train
5403,train
5404,train
5405,train
5406,train
5407,train
5408,train
5409,train
5410,train
5411,train
5412,train
5413,train
5414,train
5415,train
5416,train
5417,train
5418,train
5419,train
5420,train
5421,train
5422,train
5423,train
5424,train
5425,train
5426,train
5427,train
5428,train
5429,train
5430,train
5431,train
5432,train
5433,train
5434,train
5435,train
5436,train
5437,train
5438,train
5439,train
5440,train
5441,train
5442,train
5443,train
5444,train
5445,train
5446,train
5447,train
5448,train
5449,train
5450,train
5451,train
5452,train
5453,train
5454,train
5455,train
5456,train
5457,train
5458,train
5459,train
5460,train
5461,train
5462,train
5463,train
5464,train
5465,train
5466,train
5467,train
5468,train
5469,train
5470,train
5471,train
5472,train
5473,train
5474,train
5475,train
5476,train
5477,train
5478,train
5479,train
5480,train
5481,train
5482,train
5483,train
5484,train
5485,train
5486,train
5487,train
5488,train
5489,train
5490,train
5491,train
5492,train
5493,train
5494,train
5495,train
5496,train
5497,train
5498,train
5499,train
5500,train
5501,train
5502,train
5503,train
5504,train
5505,train
5506,train
5507,train
5508,train
5509,train
5510,train
5511,train
5512,train
5513,train
5514,train
5515,train
5516,train
5517,train
5518,train
5519,train
5520,train
5521,train
5522,train
5523,train
5524,train
5525,train
5526,train
5527,train
5528,train
5529,train
5530,train
5531,train
5532,train
5533,train
5534,train
5535,train
5536,train
5537,train
5538,train
5539,train
5540,train
5541,train
5542,train
5543,train
5544,train
5545,train
5546,train
5547,train
5548,train
5549,train
5550,train
5551,train
5552,train
5553,train
5554,train
5555,train
5556,train
5557,train
5558,train
5559,train
5560,train
5561,train
5562,train
5563,train
5564,train
5565,train
5566,train
5567,train
5568,train
5569,train
5570,train
5571,train
5572,train
5573,train
5574,train
5575,train
5576,train
5577,train
5578,train
5579,train
5580,train
5581,train
5582,train
5583,train
5584,train
5585,train
5586,train
5587,train
5588,train
5589,train
5590,train
5591,train
5592,train
5593,train
5594,train
5595,train
5596,train
5597,train
5598,train
5599,train
5600,train
5601,train
5602,train
5603,train
5604,train
5605,train
5606,train
5607,train
5608,train
5609,train
5610,train
5611,train
5612,train
5613,train
5614,train
5615,train
5616,train
5617,train
5618,train
5619,train
5620,train
5621,train
5622,val
5623,val
5624,val
5625,val
5626,val
5627,val
5628,val
5629,val
5630,val
5631,val
5632,train
5633,train
5634,train
5635,train
5636,train
5637,train
5638,train
5639,train
5640,train
5641,train
5642,train
5643,train
5644,train
5645,train
5646,train
5647,train
5648,train
5649,train
5650,train
5651,train
5652,train
5653,train
5654,train
5655,train
5656,train
5657,train
5658,train
5659,train
5660,train
5661,train
5662,val
5663,val
5664,val
5665,val
5666,val
5667,val
5668,val
5669,val
5670,val
5671,val
5672,val
5673,val
5674,val
5675,val
5676,train
5677,train
5678,train
5679,train
5680,train
5681,train
5682,train
5683,train
5684,train
5685,train
5686,train
5687,train
5688,train
5689,train
5690,train
5691,train
5692,train
5693,train
5694,train
5695,train
5696,train
5697,train
5698,train
5699,train
5700,train
5701,train
5702,train
5703,train
5704,train
5705,train
5706,train
5707,train
5708,train
5709,train
5710,train
5711,train
5712,train
5713,train
5714,train
5715,train
5716,train
5717,train
5718,train
5719,train
5720,train
5721,train
5722,train
5723,train
5724,train
5725,train
5726,train
5727,train
5728,train
5729,train
5730,train
5731,train
5732,train
5733,train
5734,train
5735,train
5736,train
5737,train
5738,train
5739,train
5740,train
5741,train
5742,train
5743,train
5744,train
5745,train
5746,train
5747,train
5748,train
5749,train
5750,train
5751,train
5752,train
5753,train
5754,train
5755,train
5756,train
5757,train
5758,train
5759,train
5760,train
5761,train
5762,train
5763,train
5764,train
5765,train
5766,train
5767,train
5768,train
5769,train
5770,train
5771,train
5772,train
5773,train
5774,train
5775,train
5776,train
5777,train
5778,train
5779,train
5780,train
5781,train
5782,train
5783,train
5784,train
5785,train
5786,train
5787,train
5788,train
5789,train
5790,train
5791,train
5792,train
5793,train
5794,train
5795,train
5796,train
5797,train
5798,train
5799,train
5800,train
5801,train
5802,train
5803,train
5804,train
5805,train
5806,train
5807,train
5808,train
5809,train
5810,train
5811,train
5812,train
5813,train
5814,train
5815,train
5816,train
5817,train
5818,train
5819,train
5820,train
5821,train
5822,train
5823,train
5824,train
5825,train
5826,train
5827,train
5828,train
5829,test
5830,test
5831,test
5832,test
5833,test
5834,test
5835,test
5836,test
5837,test
5838,test
5839,test
5840,test
5841,test
5842,test
5843,test
5844,test
5845,test
5846,test
5847,test
5848,test
5849,test
5850,test
5851,test
5852,test
5853,test
5854,test
5855,test
5856,test
5857,test
5858,test
5859,test
5860,test
5861,test
5862,test
5863,test
5864,test
5865,test
5866,test
5867,test
5868,test
5869,test
5870,test
5871,test
5872,test
5873,test
5874,test
5875,test
5876,test
5877,test
5878,test
5879,test
5880,train
5881,train
5882,train
5883,train
5884,train
5885,train
5886,train
5887,train
5888,train
5889,train
5890,train
5891,train
5892,train
5893,train
5894,train
5895,train
5896,train
5897,train
5898,train
5899,train
5900,train
5901,train
5902,train
5903,train
5904,train
5905,train
5906,train
5907,train
5908,train
5909,train
5910,train
5911,train
5912,train
5913,train
5914,train
5915,train
5916,train
5917,train
5918,train
5919,train
5920,train
5921,train
5922,train
5923,train
5924,train
5925,train
5926,train
5927,train
5928,train
5929,train
5930,train
5931,train
5932,train
5933,train
5934,train
5935,train
5936,train
5937,train
5938,train
5939,train
5940,train
5941,train
5942,train
5943,train
5944,train
5945,train
5946,train
5947,train
5948,train
5949,train
5950,train
5951,train
5952,train
5953,train
5954,train
5955,train
5956,train
5957,train
5958,train
5959,train
5960,train
5961,train
5962,train
5963,train
5964,train
5965,train
5966,train
5967,train
5968,train
5969,train
5970,train
5971,train
5972,train
5973,train
5974,train
5975,train
5976,train
5977,train
5978,train
5979,train
5980,train
5981,train
5982,train
5983,train
5984,train
5985,train
5986,train
5987,train
5988,train
5989,train
5990,train
5991,train
5992,train
5993,train
5994,train
5995,train
5996,train
5997,train
5998,train
5999,train
6000,train
6001,train
6002,train
6003,train
6004,train
6005,train
6006,train
6007,train
6008,train
6009,train
6010,train
6011,train
6012,train
6013,train
6014,train
6015,train
6016,train
6017,train
6018,train
6019,train
6020,train
6021,train
6022,train
6023,train
6024,train
6025,train
6026,train
6027,train
6028,train
6029,train
6030,train
6031,train
6032,train
6033,train
6034,train
6035,train
6036,train
6037,train
6038,train
6039,train
6040,train
6041,train
6042,train
6043,train
6044,train
6045,train
6046,train
6047,train
6048,train
6049,train
6050,train
6051,train
6052,train
6053,train
6054,train
6055,train
6056,train
6057,train
6058,train
6059,train
6060,train
6061,train
6062,train
6063,train
6064,train
6065,train
6066,train
6067,train
6068,train
6069,train
6070,train
6071,train
6072,train
6073,train
6074,train
6075,train
6076,train
6077,train
6078,train
6079,train
6080,train
6081,train
6082,train
6083,train
6084,train
6085,train
6086,train
6087,train
6088,train
6089,train
6090,train
6091,train
6092,train
6093,train
6094,train
6095,train
6096,train
6097,train
6098,train
6099,train
6100,train
6101,train
6102,train
6103,train
6104,train
6105,train
6106,train
6107,train
6108,train
6109,train
6110,train
6111,train
6112,train
6113,train
6114,train
6115,train
6116,train
6117,train
6118,train
6119,train
6120,train
6121,train
6122,train
6123,train
6124,train
6125,train
6126,train
6127,train
6128,train
6129,train
6130,train
6131,train
6132,train
6133,train
6134,train
6135,train
6136,train
6137,train
6138,train
6139,train
6140,train
6141,train
6142,train
6143,train
6144,train
6145,train
6146,train
6147,train
6148,train
6149,train
6150,train
6151,train
6152,train
6153,train
6154,train
6155,train
6156,train
6157,train
6158,train
6159,train
6160,train
6161,train
6162,train
6163,train
6164,train
6165,train
6166,train
6167,train
6168,train
6169,train
6170,train
6171,train
6172,train
6173,train
6174,train
6175,train
6176,train
6177,train
6178,train
6179,train
6180,train
6181,train
6182,train
6183,train
6184,train
6185,train
6186,train
6187,train
6188,train
6189,train
6190,train
6191,train
6192,train
6193,train
6194,train
6195,train
6196,train
6197,train
6198,train
6199,train
6200,train
6201,train
6202,train
6203,train
6204,train
6205,train
6206,train
6207,train
6208,train
6209,train
6210,train
6211,train
6212,train
6213,train
6214,train
6215,train
6216,train
6217,train
6218,train
6219,train
6220,train
6221,train
6222,train
6223,train
6224,train
6225,train
6226,train
