fold,model,R2,MAE
0,Distance-only benchmark,0.04777825788355827,1.9328859269924505
0,Ridge (selected features),0.1663587681932226,2.2072067477916293
1,Distance-only benchmark,0.015507363121607498,2.8253914564513254
1,Ridge (selected features),0.14262450483492206,2.875400462576369
2,Distance-only benchmark,0.15519767242890448,1.91905822335678
2,Ridge (selected features),0.3027070125332677,1.4318436414194666
3,Distance-only benchmark,0.025768634476274754,1.5677078632346904
3,Ridge (selected features),0.13252987171160235,1.1998802659143537
4,Distance-only benchmark,-0.2021269084890489,2.150789112294465
4,Ridge (selected features),0.14492688538864673,1.7180368575397384
